seed,heldout_mse,heldout_rel_mse,vf_grid_mse,vf_grid_rel_mse,train_loss_final,epoch_stop,W1_frob,W1_cond,W1_row_norm_mean,Wlast_frob,param_l2,phi_std,phi_abs_max
51,0.12125881016254425,0.5350017547607422,0.006169026251882315,1258940.5,0.00040934773278422654,1000,5.116948127746582,4.016447758097386,0.7698388695716858,1.053647518157959,7.919290607285119,0.5919903516769409,1.0
63,0.218431293964386,0.6906969547271729,0.023225778713822365,58025732.0,0.001650522230193019,1000,5.468879222869873,4.61846891070239,0.824800968170166,0.98528653383255,7.942389991027184,0.5919903516769409,1.0
55,0.2677522897720337,1.67428719997406,0.1262493133544922,525546880.0,0.010542569682002068,723,4.782400608062744,3.491033528480381,0.742599606513977,1.2043488025665283,7.63036300823281,0.5919903516769409,1.0
60,0.2755727767944336,1.617792010307312,0.12272277474403381,551269760.0,0.00947100855410099,898,5.125359058380127,4.143626295104742,0.7837707996368408,1.1664528846740723,8.186341516453782,0.5919903516769409,1.0
4,0.2795608639717102,1.7371866703033447,0.10172543674707413,451301984.0,0.010992090217769146,839,5.15196418762207,4.45314307328155,0.7919684648513794,1.1994627714157104,8.00361474691104,0.5919903516769409,1.0
32,0.28154775500297546,1.7999738454818726,0.12082167714834213,510087968.0,0.009816869162023067,704,4.812545299530029,2.7545040841417303,0.7493097186088562,1.1919783353805542,7.924112814941045,0.5919903516769409,1.0
23,0.28632262349128723,1.7536312341690063,0.08417443931102753,459164032.0,0.009643318131566048,1000,4.774822235107422,3.6260033916695487,0.737317681312561,1.1761502027511597,7.917020851437213,0.5919903516769409,1.0
19,0.2897407114505768,1.3057689666748047,0.18850462138652802,247615248.0,0.2173786610364914,333,4.97637939453125,2.5973209184535877,0.7692134976387024,1.0862780809402466,7.646201340752347,0.5919903516769409,1.0
21,0.29961299896240234,1.655198335647583,0.1392415463924408,531625568.0,0.009444632567465305,1000,5.140360355377197,3.7321107924552126,0.7942726016044617,1.2331503629684448,7.875385054094444,0.5919903516769409,1.0
30,0.3033662438392639,1.8159033060073853,0.1305014193058014,458768256.0,0.010069113224744797,721,4.829038619995117,3.9901783532198762,0.7455092072486877,1.1336288452148438,7.6526872292242905,0.5919903516769409,1.0
2,0.32763993740081787,1.84166419506073,0.1448701173067093,401251488.0,0.010036541149020195,721,4.899038314819336,3.8455635317946335,0.7517217397689819,1.0885733366012573,7.649909033741665,0.5919903516769409,1.0
85,0.8740811944007874,2.606618881225586,0.12687431275844574,463344768.0,0.009532827883958817,1000,4.993442535400391,3.9774509792029935,0.7754544019699097,1.1711602210998535,7.798164045633265,0.5932701230049133,1.0
86,0.8757253885269165,2.6905856132507324,0.16008225083351135,499155424.0,0.009596768766641617,918,4.972460746765137,3.9590755069185906,0.7665532827377319,1.1672284603118896,7.773709370518503,0.5932701230049133,1.0
78,0.9641241431236267,2.7722487449645996,0.16840200126171112,469226272.0,0.011145471595227718,1000,5.364109039306641,5.480797792325603,0.8239800333976746,1.194993495941162,8.03917890210491,0.5932701230049133,1.0
90,0.9766418933868408,2.8700520992279053,0.19096271693706512,634519040.0,0.01449701189994812,313,5.017967224121094,3.784274356011057,0.7673211097717285,1.188635230064392,7.738108791256857,0.5932701230049133,1.0
72,0.9983320832252502,3.0896944999694824,0.5873913168907166,289528864.0,0.08787786215543747,132,4.952033042907715,3.5666729865023044,0.7684026956558228,1.1085821390151978,7.499993852275077,0.5932701230049133,1.0
